ts-morph,templates
94.701ms,13.752ms
75.769ms,2.947ms
26.789ms,1.509ms
47.575ms,2.115ms
20.320ms,1.059ms
13.106ms,1.274ms
16.991ms,2.611ms
43.058ms,2.665ms
11.957ms,1.434ms
36.627ms,4.149ms
40.131ms,26.603ms
34.585ms,2.109ms
106.374ms,5.077ms
186.213ms,25.885ms
32.074ms,0.992ms
60.358ms,6.661ms
10.490ms,0.738ms
11.732ms,0.684ms
42.574ms,3.049ms
11.827ms,0.692ms
63.522ms,7.738ms
168.196ms,2.353ms
120.311ms,5.649ms
18.005ms,0.922ms
11.232ms,1.124ms
10.534ms,0.974ms
12.639ms,0.918ms
117.394ms,3.998ms
16.693ms,0.917ms
11.761ms,1.737ms
34.511ms,19.716ms
10.481ms,5.050ms
14.913ms,1.043ms
22.200ms,1.871ms
17.632ms,1.341ms
17.001ms,1.469ms
20.303ms,1.038ms
40.742ms,4.100ms
20.073ms,1.448ms
26.982ms,1.496ms
11.315ms,1.117ms
11.814ms,0.925ms
9.043ms,1.095ms
8.000ms,0.853ms
21.801ms,1.025ms
14.035ms,1.072ms
11.375ms,1.043ms
18.586ms,0.812ms
40.285ms,2.253ms
13.989ms,0.836ms
12.231ms,0.645ms
22.583ms,0.896ms
8.760ms,0.674ms
56.395ms,2.829ms
37.732ms,7.776ms
19.485ms,2.116ms
11.828ms,1.308ms
8.840ms,1.121ms
8.891ms,0.790ms
32.584ms,2.042ms
34.826ms,4.002ms
11.450ms,1.338ms
12.682ms,1.372ms
36.673ms,2.304ms
13.051ms,1.040ms
10.270ms,1.312ms
10.636ms,1.912ms
8.019ms,0.886ms
14.723ms,1.798ms
16.171ms,1.238ms
27.627ms,10.327ms
37.486ms,7.253ms
8.689ms,1.110ms
15.094ms,1.964ms
12.156ms,1.442ms
30.720ms,2.268ms
10.032ms,0.973ms
8.722ms,1.751ms
15.005ms,1.171ms
17.208ms,1.218ms
12.036ms,1.041ms
8.449ms,1.684ms
8.135ms,0.785ms
8.308ms,0.707ms
11.288ms,0.796ms
14.654ms,0.768ms
9.317ms,1.399ms
34.538ms,4.455ms
10.542ms,1.487ms
35.616ms,1.807ms
26.252ms,1.341ms
15.074ms,1.303ms
15.417ms,1.583ms
13.367ms,1.155ms
11.204ms,1.812ms
41.541ms,9.062ms
39.502ms,16.473ms
9.356ms,0.504ms
8.701ms,0.461ms
15.527ms,0.685ms
11.059ms,0.563ms
10.181ms,0.544ms
13.386ms,1.825ms
39.530ms,2.409ms
29.841ms,1.471ms
9.085ms,0.570ms
41.865ms,2.629ms
42.235ms,4.359ms
14.303ms,0.500ms
9.418ms,0.505ms
21.423ms,0.792ms
31.895ms,10.438ms
49.987ms,2.597ms
10.923ms,1.315ms
13.403ms,5.521ms
19.366ms,2.249ms
10.221ms,13.554ms
9.215ms,3.027ms
14.547ms,1.351ms
24.701ms,1.548ms
16.675ms,1.581ms
17.807ms,1.633ms
18.094ms,1.672ms
15.944ms,1.796ms
17.066ms,1.814ms
18.699ms,1.256ms
14.745ms,1.834ms
14.564ms,1.114ms
15.071ms,1.121ms
27.114ms,1.719ms
21.017ms,0.907ms
15.926ms,1.526ms
11.767ms,1.088ms
11.496ms,1.258ms
9.314ms,0.879ms
12.219ms,1.355ms
32.349ms,1.893ms
9.536ms,0.978ms
15.765ms,1.524ms
8.389ms,0.929ms
11.194ms,1.038ms
16.339ms,1.195ms
20.167ms,1.053ms
10.854ms,1.766ms
23.557ms,1.546ms
8.468ms,1.001ms
8.472ms,0.862ms
11.305ms,0.810ms
16.699ms,1.671ms
22.330ms,4.174ms
49.369ms,3.826ms
23.878ms,1.185ms
7.951ms,0.474ms
35.675ms,2.424ms
19.773ms,1.855ms
7.918ms,0.547ms
9.808ms,0.687ms
8.620ms,0.580ms
23.081ms,1.887ms
9.387ms,0.635ms
8.772ms,0.679ms
5.999ms,0.595ms
7.584ms,0.593ms
17.526ms,0.959ms
13.071ms,0.597ms
7.588ms,0.487ms
5.913ms,0.500ms
22.683ms,1.081ms
21.602ms,0.941ms
18.885ms,1.240ms
15.899ms,0.994ms
21.635ms,0.603ms
85.656ms,4.089ms
33.423ms,1.581ms
16.444ms,0.936ms
9.508ms,0.703ms
23.641ms,0.989ms
14.216ms,0.772ms
7.336ms,0.458ms
19.453ms,0.746ms
11.295ms,1.743ms
11.726ms,1.751ms
11.705ms,0.950ms
50.186ms,1.144ms
16.754ms,0.792ms
48.376ms,1.618ms
13.143ms,0.707ms
36.895ms,1.103ms
31.130ms,0.614ms
11.763ms,0.719ms
9.900ms,0.588ms
16.842ms,0.716ms
48.333ms,1.789ms
9.375ms,0.692ms
39.526ms,1.678ms
34.043ms,2.775ms
29.577ms,1.581ms
7.953ms,0.482ms
13.625ms,0.523ms
8.754ms,0.454ms
7.137ms,0.575ms
16.876ms,1.053ms
38.398ms,1.881ms
10.419ms,0.704ms
61.141ms,3.796ms
79.705ms,5.453ms
7.349ms,0.723ms
8.023ms,0.676ms
7.327ms,0.653ms
28.195ms,2.554ms
8.583ms,0.842ms
66.134ms,4.448ms
71.980ms,5.419ms
9.690ms,0.820ms
7.749ms,0.938ms
6.726ms,0.799ms
27.608ms,2.727ms
40.289ms,2.969ms
7.628ms,1.435ms
28.877ms,4.876ms
8.032ms,0.761ms
22.169ms,1.645ms
14.130ms,4.538ms
9.820ms,0.700ms
15.196ms,1.219ms
8.900ms,0.714ms
10.525ms,0.864ms
26.992ms,2.092ms
6.013ms,0.568ms
8.842ms,0.614ms
27.672ms,1.827ms
5.917ms,0.737ms
42.216ms,1.725ms
25.632ms,1.838ms
5.584ms,0.484ms
5.859ms,0.460ms
5.812ms,0.484ms
5.431ms,0.478ms
5.953ms,0.550ms
6.069ms,0.550ms
7.780ms,0.521ms
5.413ms,0.595ms
17.779ms,1.444ms
22.841ms,1.128ms
6.596ms,0.524ms
6.659ms,0.897ms
8.037ms,2.564ms
5.102ms,0.946ms
7.621ms,0.523ms
8.461ms,0.639ms
9.896ms,0.633ms
8.242ms,0.649ms
15.506ms,1.213ms
8.545ms,0.821ms
22.006ms,1.063ms
7.615ms,0.631ms
8.291ms,0.616ms
8.400ms,0.697ms
7.018ms,0.544ms
4.700ms,0.460ms
9.824ms,0.690ms
5.821ms,0.542ms
4.987ms,0.488ms
6.876ms,0.708ms
25.664ms,1.270ms
23.365ms,1.475ms
9.350ms,0.709ms
8.169ms,0.698ms
8.809ms,0.605ms
44.181ms,2.562ms
13.863ms,1.101ms
10.271ms,0.757ms
10.469ms,0.702ms
5.992ms,0.541ms
8.030ms,0.754ms
7.460ms,0.684ms
5.238ms,0.476ms
8.923ms,0.696ms
10.992ms,0.722ms
10.455ms,0.917ms
36.372ms,4.941ms
5.064ms,0.587ms
13.047ms,1.015ms
19.217ms,1.168ms
50.209ms,4.212ms
14.220ms,0.933ms
16.671ms,1.735ms
9.010ms,0.937ms
6.920ms,0.654ms
12.537ms,1.164ms
14.963ms,1.783ms
11.115ms,3.130ms
9.391ms,2.290ms
12.331ms,0.843ms
56.734ms,3.542ms
6.510ms,0.996ms
9.854ms,1.037ms
13.878ms,1.399ms
9.882ms,1.203ms
104.761ms,9.204ms
10.752ms,1.260ms
9.005ms,0.891ms
7.919ms,1.179ms
6.624ms,0.935ms
6.854ms,1.190ms
5.904ms,0.785ms
8.845ms,1.045ms
6.351ms,1.044ms
5.489ms,1.055ms
5.372ms,1.104ms
6.574ms,0.849ms
6.327ms,1.107ms
5.943ms,0.911ms
9.526ms,0.865ms
8.215ms,7.007ms
5.833ms,3.015ms
11.182ms,1.148ms
6.849ms,0.978ms
5.150ms,0.814ms
7.453ms,0.917ms
8.121ms,0.716ms
8.318ms,0.594ms
7.542ms,0.533ms
7.908ms,0.565ms
11.523ms,0.823ms
11.753ms,0.596ms
5.674ms,0.761ms
6.059ms,0.637ms
9.118ms,1.011ms
6.184ms,0.626ms
6.185ms,0.532ms
5.784ms,0.615ms
8.774ms,0.593ms
8.995ms,0.893ms
6.390ms,0.614ms
5.289ms,0.539ms
9.023ms,0.815ms
9.106ms,0.563ms
5.598ms,0.544ms
5.884ms,0.546ms
6.475ms,0.540ms
7.054ms,0.590ms
7.200ms,0.557ms
15.144ms,1.667ms
9.091ms,0.799ms
7.205ms,0.643ms
5.363ms,0.565ms
4.853ms,0.653ms
6.246ms,0.863ms
12.377ms,0.860ms
6.446ms,0.606ms
5.710ms,0.550ms
15.883ms,1.180ms
16.859ms,1.110ms
11.990ms,0.763ms
14.837ms,0.941ms
6.863ms,0.897ms
16.077ms,1.078ms
6.215ms,1.275ms
5.879ms,0.788ms
6.057ms,0.773ms
6.883ms,0.912ms
6.543ms,0.826ms
5.642ms,0.670ms
9.187ms,1.045ms
13.782ms,0.837ms
8.556ms,1.019ms
6.991ms,0.885ms
7.256ms,1.221ms
7.318ms,1.319ms
12.374ms,9.582ms
6.525ms,1.938ms
6.937ms,1.138ms
15.000ms,1.812ms
7.176ms,1.695ms
9.720ms,3.188ms
15.105ms,3.012ms
8.946ms,4.718ms
6.029ms,1.879ms
5.212ms,1.923ms
5.647ms,1.346ms
5.655ms,1.263ms
8.984ms,1.925ms
5.189ms,1.371ms
5.755ms,0.932ms
5.996ms,3.885ms
5.604ms,0.901ms
5.414ms,1.182ms
5.598ms,1.430ms
6.417ms,1.194ms
12.061ms,1.527ms
7.156ms,1.218ms
11.729ms,1.359ms
6.078ms,1.443ms
7.156ms,1.369ms
10.944ms,1.333ms
14.124ms,5.027ms
8.523ms,1.144ms
9.131ms,2.831ms
8.270ms,1.364ms
6.284ms,1.416ms
5.605ms,1.326ms
14.134ms,1.760ms
7.659ms,1.560ms
5.590ms,0.924ms
5.063ms,1.375ms
5.364ms,0.738ms
9.687ms,1.301ms
9.927ms,0.900ms
6.740ms,0.760ms
7.085ms,0.893ms
9.716ms,1.086ms
6.699ms,0.851ms
6.061ms,0.892ms
6.676ms,1.038ms
15.397ms,1.077ms
10.079ms,1.123ms
6.410ms,0.911ms
11.894ms,0.933ms
14.523ms,1.284ms
7.945ms,0.868ms
6.812ms,5.160ms
7.514ms,1.111ms
5.789ms,1.184ms
9.536ms,2.051ms
9.518ms,1.089ms
8.265ms,1.206ms
9.100ms,2.331ms
9.144ms,9.896ms
7.006ms,1.012ms
7.397ms,1.293ms
7.498ms,1.065ms
15.559ms,0.872ms
7.673ms,1.419ms
10.608ms,1.176ms
9.847ms,2.538ms
10.021ms,0.995ms
7.783ms,1.390ms
32.880ms,1.353ms
7.557ms,1.401ms
7.429ms,1.070ms
6.071ms,12.740ms
8.128ms,1.031ms
15.685ms,1.686ms
7.684ms,1.149ms
7.786ms,1.005ms
7.674ms,1.172ms
16.058ms,1.670ms
11.650ms,2.032ms
28.859ms,1.513ms
5.842ms,1.210ms
7.316ms,9.825ms
11.640ms,1.920ms
8.415ms,1.648ms
5.083ms,0.837ms
9.859ms,1.322ms
8.771ms,1.400ms
7.082ms,1.303ms
6.429ms,1.501ms
6.541ms,1.252ms
5.883ms,6.010ms
9.592ms,1.000ms
9.655ms,2.018ms
6.201ms,1.493ms
5.548ms,0.857ms
5.550ms,1.003ms
7.001ms,3.063ms
5.583ms,0.574ms
14.077ms,0.798ms
13.326ms,0.909ms
9.913ms,0.559ms
9.013ms,0.567ms
5.607ms,0.532ms
9.094ms,0.595ms
5.649ms,0.612ms
5.732ms,0.478ms
5.495ms,0.474ms
8.916ms,0.699ms
7.700ms,0.521ms
5.700ms,0.549ms
11.771ms,0.857ms
6.813ms,0.650ms
5.897ms,0.828ms
6.056ms,0.622ms
9.144ms,0.793ms
9.934ms,0.658ms
5.718ms,0.542ms
5.972ms,0.496ms
6.560ms,0.854ms
6.429ms,0.614ms
6.999ms,0.949ms
5.501ms,1.939ms
15.331ms,0.812ms
15.911ms,0.821ms
8.495ms,0.597ms
6.849ms,4.921ms
5.895ms,1.125ms
11.002ms,1.442ms
5.605ms,1.571ms
6.521ms,4.543ms
53.863ms,6.407ms
10.870ms,1.106ms
74.848ms,4.892ms
10.506ms,1.041ms
18.783ms,1.941ms
9.924ms,1.232ms
7.494ms,1.301ms
12.765ms,1.243ms
54.574ms,3.931ms
67.379ms,9.387ms
6.923ms,4.354ms
6.685ms,1.482ms
26.239ms,4.421ms
6.967ms,0.858ms
7.872ms,2.316ms
57.907ms,8.342ms
69.140ms,9.595ms
7.377ms,4.577ms
6.081ms,5.943ms
25.221ms,2.580ms
5.346ms,2.614ms
5.486ms,1.276ms
21.404ms,1.439ms
29.220ms,2.886ms
26.482ms,2.000ms
13.714ms,1.160ms
25.330ms,2.151ms
31.337ms,2.860ms
77.759ms,5.195ms
7.122ms,0.955ms
9.457ms,1.077ms
32.137ms,2.032ms
24.536ms,1.694ms
25.847ms,2.393ms
11.485ms,1.595ms
9.423ms,1.008ms
28.147ms,1.995ms
11.112ms,1.154ms
20.265ms,1.398ms
12.097ms,1.130ms
47.833ms,3.062ms
21.403ms,5.319ms
20.044ms,5.602ms
24.655ms,2.778ms
19.914ms,2.082ms
8.813ms,1.431ms
7.495ms,1.031ms
5.303ms,0.887ms
15.634ms,4.064ms
13.253ms,1.490ms
9.385ms,0.943ms
6.337ms,1.207ms
6.257ms,0.898ms
12.987ms,1.676ms
16.140ms,1.625ms
6.112ms,1.413ms
9.678ms,1.177ms
7.002ms,0.952ms
15.562ms,1.328ms
15.763ms,1.357ms
15.339ms,1.101ms
44.225ms,2.874ms
18.250ms,1.548ms
11.120ms,1.286ms
21.169ms,1.982ms
8.228ms,0.878ms
36.003ms,2.351ms
9.705ms,0.855ms
8.598ms,1.118ms
5.605ms,1.027ms
4.984ms,0.863ms
4.905ms,0.733ms
6.544ms,1.457ms
13.939ms,3.180ms
4.779ms,1.027ms
4.467ms,1.232ms
4.852ms,0.802ms
11.542ms,1.278ms
5.815ms,1.293ms
17.245ms,1.380ms
6.351ms,0.790ms
6.627ms,0.646ms
5.845ms,0.941ms
5.983ms,1.208ms
9.184ms,0.876ms
5.637ms,1.147ms
6.361ms,0.877ms
7.944ms,1.159ms
7.012ms,1.068ms
6.551ms,1.648ms
4.989ms,0.778ms
9.368ms,1.021ms
8.829ms,0.978ms
75.282ms,4.818ms
8.153ms,1.073ms
6.852ms,1.111ms
8.030ms,1.284ms
11.147ms,1.114ms
13.010ms,1.251ms
9.668ms,1.058ms
55.658ms,4.214ms
5.678ms,1.010ms
13.592ms,1.397ms
9.060ms,0.871ms
5.660ms,1.002ms
6.165ms,0.905ms
14.884ms,1.463ms
9.399ms,1.001ms
5.811ms,1.032ms
8.235ms,4.900ms
14.682ms,3.077ms
12.511ms,1.097ms
6.524ms,1.973ms
4.323ms,0.906ms
9.358ms,2.323ms
7.937ms,1.501ms
42.537ms,2.776ms
16.936ms,1.774ms
8.982ms,1.079ms
11.372ms,1.511ms
22.083ms,2.353ms
34.128ms,2.641ms
38.058ms,3.619ms
10.606ms,1.106ms
31.630ms,2.326ms
12.078ms,1.362ms
13.061ms,1.284ms
35.030ms,2.409ms
5.625ms,2.644ms
6.164ms,7.958ms
9.407ms,1.509ms
4.336ms,0.766ms
16.805ms,1.788ms
19.967ms,2.639ms
42.196ms,3.989ms
5.241ms,0.967ms
9.080ms,0.843ms
27.092ms,2.335ms
7.182ms,0.889ms
125.076ms,9.522ms
6.554ms,0.575ms
5.652ms,0.479ms
24.409ms,1.648ms
55.882ms,2.995ms
67.426ms,5.203ms
58.704ms,4.118ms
7.915ms,0.701ms
6.682ms,0.856ms
6.712ms,0.900ms
6.919ms,2.440ms
26.517ms,2.546ms
6.099ms,0.595ms
5.779ms,0.819ms
29.353ms,2.001ms
68.607ms,5.938ms
59.024ms,5.363ms
11.379ms,0.703ms
6.672ms,0.649ms
6.208ms,0.577ms
7.002ms,0.660ms
25.753ms,1.742ms
10.339ms,0.898ms
23.140ms,1.607ms
6.664ms,0.520ms
4.957ms,0.460ms
17.906ms,1.151ms
29.740ms,1.683ms
8.307ms,0.743ms
11.718ms,0.659ms
14.783ms,1.079ms
16.452ms,1.422ms
25.855ms,1.568ms
31.053ms,1.938ms
18.822ms,1.353ms
22.824ms,5.531ms
4.574ms,0.492ms
8.198ms,0.545ms
10.581ms,0.746ms
14.977ms,0.934ms
3.902ms,0.435ms
36.868ms,2.654ms
22.886ms,1.728ms
16.195ms,1.162ms
15.849ms,1.233ms
5.900ms,0.683ms
29.611ms,1.589ms
13.841ms,1.246ms
23.261ms,1.450ms
12.884ms,0.973ms
5.343ms,0.556ms
33.914ms,2.554ms
45.580ms,2.726ms
23.336ms,2.090ms
25.307ms,0.516ms
14.272ms,0.545ms
22.416ms,0.815ms
11.842ms,0.738ms
6.088ms,2.419ms
4.513ms,0.450ms
3.725ms,0.422ms
52.289ms,2.413ms
22.080ms,1.235ms
12.694ms,1.061ms
13.592ms,1.142ms
9.652ms,0.556ms
11.647ms,1.451ms
26.061ms,2.624ms
13.168ms,1.295ms
18.837ms,1.571ms
8.680ms,0.672ms
34.226ms,2.430ms
12.250ms,0.979ms
13.469ms,2.220ms
12.766ms,0.844ms
10.832ms,1.672ms
40.012ms,2.641ms
11.653ms,1.032ms
34.198ms,2.269ms
12.937ms,1.103ms
5.716ms,0.596ms
6.634ms,0.627ms
11.693ms,0.925ms
9.832ms,0.745ms
11.477ms,0.694ms
5.848ms,0.544ms
8.028ms,0.851ms
43.154ms,2.684ms
4.843ms,0.499ms
4.996ms,0.516ms
5.744ms,0.575ms
12.081ms,0.742ms
8.103ms,0.657ms
54.207ms,2.192ms
12.719ms,0.935ms
7.480ms,0.772ms
7.876ms,0.883ms
24.883ms,3.621ms
6.702ms,1.368ms
9.048ms,0.696ms
10.433ms,0.681ms
38.697ms,0.573ms
8.431ms,0.544ms
22.988ms,0.597ms
8.615ms,0.513ms
4.935ms,0.511ms
6.501ms,0.596ms
28.842ms,1.526ms
5.395ms,1.108ms
5.750ms,0.524ms
8.816ms,0.738ms
16.478ms,1.177ms
34.833ms,6.609ms
12.334ms,1.079ms
5.923ms,0.577ms
22.222ms,1.477ms
11.002ms,0.893ms
10.400ms,0.620ms
28.520ms,0.893ms
14.338ms,0.684ms
11.411ms,1.538ms
8.333ms,2.020ms
21.546ms,2.040ms
43.137ms,2.962ms
6.302ms,2.013ms
21.576ms,2.052ms
12.909ms,1.118ms
21.725ms,2.324ms
33.883ms,2.077ms
24.812ms,2.102ms
19.424ms,1.851ms
21.160ms,1.358ms
7.016ms,0.895ms
9.427ms,1.149ms
29.476ms,2.263ms
52.438ms,3.609ms
8.812ms,0.698ms
5.390ms,0.864ms
9.701ms,1.031ms
23.245ms,2.261ms
22.725ms,15.330ms
8.740ms,1.704ms
7.941ms,1.571ms
53.722ms,3.728ms
33.766ms,10.274ms
27.157ms,2.479ms
14.501ms,0.894ms
5.533ms,0.523ms
4.989ms,0.469ms
5.433ms,0.485ms
6.422ms,0.523ms
5.004ms,0.515ms
4.838ms,0.573ms
8.059ms,0.507ms
13.439ms,0.882ms
27.064ms,1.741ms
36.134ms,3.590ms
14.819ms,1.019ms
35.892ms,2.517ms
7.598ms,0.610ms
13.225ms,0.577ms
13.280ms,0.583ms
7.733ms,0.612ms
5.643ms,0.512ms
6.370ms,0.526ms
13.822ms,1.181ms
11.439ms,0.615ms
9.122ms,0.779ms
24.871ms,1.118ms
26.409ms,1.667ms
21.770ms,1.812ms
10.095ms,0.673ms
11.781ms,0.904ms
38.276ms,2.168ms
5.587ms,0.507ms
25.587ms,1.543ms
14.066ms,1.021ms
14.566ms,1.110ms
22.857ms,1.982ms
10.895ms,1.486ms
4.765ms,0.867ms
30.162ms,2.669ms
16.871ms,1.320ms
5.347ms,0.731ms
7.762ms,1.256ms
8.476ms,0.724ms
16.460ms,1.500ms
36.617ms,2.448ms
5.836ms,0.846ms
23.828ms,1.873ms
16.677ms,1.479ms
12.579ms,1.224ms
20.373ms,1.646ms
11.406ms,1.524ms
5.250ms,0.665ms
28.525ms,3.373ms
9.256ms,1.304ms
4.723ms,1.058ms
6.555ms,0.958ms
4.863ms,1.040ms
15.982ms,1.183ms
17.197ms,1.902ms
5.679ms,1.011ms
15.927ms,1.256ms
6.327ms,0.842ms
7.207ms,0.844ms
20.837ms,2.121ms
11.180ms,1.252ms
10.445ms,1.572ms
12.316ms,1.193ms
15.487ms,0.994ms
9.427ms,1.072ms
4.974ms,0.805ms
13.397ms,1.436ms
12.576ms,1.174ms
6.835ms,1.147ms
6.372ms,0.923ms
13.235ms,1.301ms
6.570ms,0.799ms
9.441ms,1.047ms
6.080ms,0.910ms
13.810ms,1.442ms
6.018ms,0.857ms
6.566ms,0.938ms
32.455ms,2.526ms
25.924ms,1.982ms
16.918ms,5.093ms
17.129ms,2.094ms
14.867ms,1.967ms
13.389ms,1.422ms
15.270ms,1.316ms
9.513ms,1.535ms
14.081ms,2.111ms
14.816ms,2.383ms
9.168ms,1.348ms
10.461ms,2.038ms
17.685ms,1.619ms
17.872ms,1.924ms
15.255ms,1.446ms
11.339ms,1.500ms
16.661ms,1.502ms
6.110ms,0.774ms
8.992ms,1.141ms
5.607ms,0.778ms
5.370ms,0.906ms
4.966ms,0.746ms
4.554ms,0.861ms
5.562ms,1.088ms
5.442ms,0.738ms
9.010ms,0.771ms
5.653ms,0.677ms
6.422ms,0.925ms
4.794ms,0.715ms
6.629ms,0.891ms
5.469ms,0.755ms
4.514ms,0.835ms
10.743ms,1.119ms
5.859ms,0.858ms
6.551ms,0.800ms
11.334ms,0.747ms
5.594ms,1.029ms
8.676ms,1.950ms
5.194ms,2.499ms
23.423ms,2.551ms
5.714ms,1.677ms
14.127ms,9.125ms
8.702ms,8.298ms
5.664ms,0.758ms
6.330ms,1.239ms
5.811ms,1.475ms
28.108ms,2.507ms
24.921ms,3.487ms
10.471ms,2.216ms
30.661ms,3.124ms
6.730ms,0.837ms
27.943ms,1.649ms
6.326ms,0.788ms
9.001ms,0.981ms
14.908ms,0.905ms
10.580ms,0.833ms
21.342ms,3.200ms
22.674ms,1.653ms
9.028ms,1.042ms
43.890ms,1.827ms
8.474ms,0.790ms
28.455ms,1.725ms
5.760ms,0.882ms
7.744ms,1.050ms
44.784ms,2.068ms
12.750ms,1.080ms
7.032ms,0.832ms
10.820ms,1.023ms
22.778ms,0.788ms
13.840ms,0.919ms
29.239ms,3.619ms
42.523ms,3.668ms
7.858ms,1.327ms
25.103ms,1.782ms
46.947ms,2.441ms
14.226ms,2.378ms
23.657ms,2.894ms
10.162ms,0.851ms
9.570ms,0.918ms
5.971ms,0.692ms
16.772ms,1.433ms
28.880ms,1.799ms
42.793ms,4.666ms
7.963ms,1.470ms
6.494ms,0.881ms
8.778ms,0.881ms
32.115ms,6.521ms
27.110ms,2.710ms
10.938ms,0.855ms
44.037ms,1.717ms
7.051ms,0.800ms
10.180ms,1.081ms
22.063ms,12.127ms
10.231ms,15.204ms
28.409ms,3.319ms
30.853ms,3.083ms
32.536ms,9.285ms
8.242ms,0.926ms
6.394ms,4.346ms
28.714ms,1.713ms
6.901ms,0.950ms
25.610ms,2.665ms
30.350ms,1.314ms
5.932ms,5.416ms
29.216ms,10.170ms
25.803ms,1.956ms
63.807ms,2.431ms
8.099ms,0.731ms
11.269ms,1.121ms
15.357ms,0.931ms
6.786ms,0.616ms
7.216ms,0.627ms
8.299ms,0.974ms
5.352ms,0.602ms
4.708ms,0.471ms
5.155ms,0.501ms
21.060ms,1.345ms
19.577ms,1.244ms
6.198ms,0.843ms
4.939ms,0.778ms
7.209ms,4.477ms
5.699ms,0.807ms
4.740ms,0.600ms
7.432ms,0.842ms
10.893ms,1.248ms
17.992ms,1.139ms
28.403ms,1.319ms
9.622ms,1.462ms
6.692ms,0.630ms
6.495ms,0.655ms
15.677ms,1.267ms
20.674ms,1.488ms
26.767ms,1.603ms
22.370ms,2.168ms
5.015ms,0.467ms
6.950ms,0.617ms
24.734ms,1.914ms
4.933ms,0.862ms
7.021ms,0.892ms
8.978ms,1.148ms
5.273ms,1.043ms
4.869ms,0.851ms
6.950ms,0.840ms
4.962ms,0.735ms
4.940ms,1.056ms
7.618ms,1.111ms
10.019ms,0.936ms
4.277ms,0.819ms
6.986ms,0.928ms
5.298ms,0.889ms
20.478ms,1.440ms
16.225ms,1.583ms
5.653ms,0.855ms
5.712ms,0.907ms
27.364ms,2.203ms
61.636ms,4.490ms
13.129ms,1.174ms
23.383ms,1.962ms
11.560ms,1.029ms
5.680ms,1.675ms
6.149ms,1.541ms
7.523ms,0.849ms
6.110ms,1.734ms
7.875ms,1.332ms
16.336ms,1.477ms
6.233ms,0.938ms
15.701ms,1.664ms
5.251ms,0.726ms
5.759ms,0.931ms
9.719ms,0.892ms
13.460ms,1.343ms
5.082ms,5.063ms
5.581ms,0.864ms
5.737ms,6.853ms
5.331ms,0.545ms
11.095ms,0.676ms
5.462ms,0.505ms
15.561ms,1.036ms
5.835ms,0.477ms
8.914ms,0.660ms
12.912ms,0.808ms
4.789ms,0.469ms
8.667ms,0.693ms
4.615ms,1.360ms
12.295ms,1.052ms
8.976ms,0.460ms
8.172ms,0.758ms
8.886ms,6.404ms
8.510ms,1.045ms
4.885ms,0.493ms
10.070ms,0.556ms
7.657ms,0.640ms
6.629ms,0.565ms
30.379ms,3.339ms
18.366ms,1.443ms
36.529ms,2.791ms
24.817ms,1.462ms
7.439ms,0.647ms
4.868ms,0.439ms
4.459ms,1.387ms
5.560ms,0.506ms
5.007ms,0.451ms
10.805ms,0.996ms
8.963ms,0.525ms
5.173ms,0.453ms
4.486ms,0.436ms
4.793ms,0.466ms
5.804ms,0.504ms
5.707ms,0.785ms
4.979ms,35.465ms
18.745ms,0.839ms
58.447ms,17.632ms
56.806ms,4.377ms
12.256ms,0.517ms
5.967ms,0.499ms
5.385ms,0.506ms
4.573ms,0.464ms
7.995ms,1.458ms
32.745ms,2.025ms
6.959ms,0.616ms
5.626ms,0.513ms
6.582ms,0.559ms
14.572ms,0.742ms
28.131ms,1.272ms
37.278ms,0.953ms
12.874ms,1.167ms
25.352ms,7.563ms
29.381ms,1.589ms
22.926ms,1.400ms
10.803ms,0.897ms
10.157ms,0.833ms
20.065ms,1.073ms
9.122ms,0.830ms
9.596ms,1.587ms
12.541ms,1.941ms
14.545ms,1.324ms
5.605ms,1.240ms
17.692ms,2.207ms
29.234ms,2.364ms
5.397ms,6.318ms
15.908ms,2.178ms
5.940ms,0.864ms
24.198ms,1.723ms
20.729ms,1.398ms
11.760ms,1.825ms
8.863ms,1.206ms
11.692ms,1.316ms
36.511ms,2.234ms
5.257ms,1.291ms
4.580ms,3.048ms
20.001ms,1.954ms
5.398ms,1.177ms
9.216ms,1.446ms
5.598ms,6.951ms
4.375ms,0.606ms
15.669ms,1.692ms
18.823ms,3.514ms
16.449ms,1.553ms
6.343ms,1.240ms
7.286ms,0.908ms
12.410ms,1.337ms
5.962ms,1.390ms
6.060ms,1.374ms
9.171ms,1.646ms
4.971ms,1.216ms
5.955ms,1.608ms
5.518ms,1.413ms
4.667ms,1.416ms
4.878ms,1.406ms
4.033ms,1.420ms
4.316ms,1.576ms
4.184ms,1.394ms
13.961ms,1.327ms
10.926ms,1.145ms
5.951ms,1.647ms
7.433ms,1.702ms
4.189ms,1.455ms
5.053ms,0.927ms
4.771ms,1.115ms
4.386ms,1.429ms
4.907ms,1.520ms
4.539ms,1.259ms
10.275ms,1.334ms
4.511ms,1.736ms
4.917ms,4.055ms
4.851ms,1.396ms
4.272ms,1.629ms
4.639ms,1.916ms
4.295ms,1.297ms
4.541ms,1.242ms
5.580ms,2.156ms
8.747ms,1.205ms
4.396ms,1.657ms
4.173ms,1.417ms
5.263ms,1.424ms
4.929ms,3.044ms
5.685ms,0.670ms
8.539ms,0.778ms
5.100ms,0.732ms
4.289ms,0.490ms
9.033ms,0.698ms
4.905ms,0.754ms
4.378ms,0.693ms
4.116ms,0.769ms
4.482ms,0.851ms
4.924ms,0.815ms
4.660ms,0.784ms
4.427ms,0.777ms
5.396ms,0.733ms
9.394ms,0.570ms
4.890ms,0.812ms
4.371ms,0.479ms
4.638ms,0.682ms
4.469ms,0.452ms
4.746ms,0.776ms
4.931ms,0.760ms
4.520ms,0.813ms
6.675ms,1.527ms
9.035ms,1.308ms
5.506ms,0.820ms
4.452ms,0.811ms
5.106ms,0.980ms
5.136ms,0.555ms
5.865ms,0.779ms
4.901ms,0.740ms
5.538ms,0.529ms
5.561ms,0.803ms
8.775ms,0.728ms
6.049ms,1.015ms
4.746ms,0.499ms
4.283ms,0.722ms
4.036ms,0.439ms
4.925ms,0.690ms
4.700ms,0.454ms
5.595ms,0.708ms
6.086ms,1.684ms
11.038ms,0.723ms
6.518ms,0.707ms
7.932ms,0.533ms
10.720ms,0.501ms
5.173ms,0.737ms
4.206ms,0.753ms
6.375ms,1.013ms
5.601ms,1.895ms
4.406ms,3.602ms
5.050ms,0.804ms
10.557ms,2.182ms
4.437ms,0.487ms
4.844ms,0.661ms
4.623ms,0.777ms
4.726ms,0.666ms
4.268ms,0.497ms
4.440ms,0.668ms
5.963ms,0.565ms
5.739ms,0.506ms
9.466ms,0.690ms
5.431ms,0.467ms
5.929ms,0.520ms
4.225ms,0.787ms
4.461ms,0.498ms
4.557ms,0.696ms
4.467ms,0.714ms
4.247ms,0.718ms
4.450ms,0.763ms
8.718ms,3.369ms
4.987ms,1.310ms
4.475ms,0.514ms
4.452ms,0.755ms
4.145ms,0.613ms
4.208ms,0.708ms
4.892ms,0.759ms
5.233ms,0.712ms
4.692ms,0.517ms
11.028ms,0.762ms
7.696ms,1.843ms
9.567ms,0.511ms
4.737ms,0.430ms
4.757ms,0.418ms
5.034ms,0.424ms
4.236ms,0.403ms
4.527ms,3.079ms
4.121ms,1.604ms
10.080ms,0.917ms
317.863ms,10.578ms
13.398ms,0.966ms
33.167ms,1.579ms
12.620ms,0.896ms
13.656ms,0.614ms
18.588ms,1.005ms
22.649ms,0.653ms
11.303ms,1.000ms
23.044ms,1.291ms
7.536ms,0.585ms
24.419ms,1.222ms
7.124ms,0.731ms
8.643ms,0.774ms
8.597ms,0.692ms
8.861ms,0.854ms
10.033ms,0.686ms
27.000ms,1.093ms
13.590ms,1.176ms
4.830ms,0.554ms
9.339ms,0.750ms
8.743ms,0.832ms
30.503ms,4.298ms
29.587ms,2.346ms
6.316ms,0.743ms
4.647ms,0.725ms
6.551ms,0.737ms
15.780ms,1.628ms
44.317ms,1.279ms
48.048ms,1.103ms
20.444ms,1.279ms
6.977ms,0.848ms
7.963ms,0.781ms
13.978ms,0.958ms
7.852ms,0.586ms
23.974ms,1.189ms
21.497ms,1.297ms
21.540ms,0.836ms
9.743ms,0.687ms
12.925ms,0.619ms
15.274ms,0.739ms
20.359ms,0.747ms
27.815ms,0.783ms
27.525ms,1.127ms
28.284ms,0.848ms
16.187ms,0.596ms
15.879ms,0.899ms
15.218ms,1.031ms
16.178ms,0.684ms
61.947ms,1.209ms
12.787ms,0.871ms
7.005ms,0.881ms
10.986ms,0.779ms
14.051ms,0.589ms
